idx	char	level	meanings	on_yomi	fanout
1	一	N5	One; One Radical (no.1)	いち/いつ	
2	人	N5	Person	じん/にん	
3	大	N5	Large; Big	だい/たい	
4	十	N5	Ten	じゅう/じっ/じゅっ	
5	二	N5	Two; Two Radical (no. 7)	に/じ	
6	中	N5	In; Inside; Middle; Mean	ちゅう	
7	三	N5	Three	さん/ぞう	
8	月	N5	Month; Moon	げつ/がつ	
9	民	N3	People; Nation; Subjects	みん	
10	今	N5	Now	こん/きん	
11	回	N3	-times; Round; Game; Revolve	かい/え	
12	金	N5	Gold	きん/こん/ごん	
13	九	N5	Nine	きゅう/く	
14	入	N5	Enter; Insert	にゅう/じゅ	
15	力	N4	Power; Strength; Strong; Strain	りょく/りき/りい	
16	五	N5	Five	ご	
17	子	N5	Child; Sign Of The Rat; 11pm-1am; First Sign Of Chinese Zodiac	し/す/つ	
18	目	N4	Eye; Class; Look; Insight	もく/ぼく	
19	自	N4	Oneself	じ/し	
20	八	N5	Eight; Eight Radical (no. 12)	はち	
21	小	N5	Little; Small	しょう	
22	七	N5	Seven	しち	
23	協	N2	Co-; Cooperation	きょう	
24	山	N5	Mountain	さん/せん	
25	出	N5	Exit; Leave; Go Out; Come Out	しゅつ/すい	
26	県	N2	Prefecture	けん	
27	記	N3	Scribe; Account; Narrative	き	
28	女	N5	Woman; Female	じょ/にょ/にょう	
29	心	N4	Heart; Mind; Spirit; Heart Radical (no. 61)	しん	
30	先	N5	Before; Ahead; Previous; Future	せん	
31	交	N3	Mingle; Mixing; Association; Coming & Going	こう	
32	川	N5	Stream; River; River Or Three-stroke River Radical (no. 47)	せん	
33	向	N3	Yonder; Facing; Beyond; Confront	こう	
34	告	N3	Revelation; Tell; Inform; Announce	こく	
35	千	N5	Thousand	せん	
36	別	N4	Separate; Branch Off; Diverge; Fork	べつ	
37	水	N5	Water	すい	
38	示	N3	Show; Indicate; Point Out; Express	じ/し	
39	直	N3	Straightaway; Honesty; Frankness; Fix	ちょく/じき/じか	
40	必	N3	Invariably; Certain; Inevitable	ひつ	
41	再	N2	Again; Twice; Second Time	さい/さ	
42	口	N4	Mouth	こう/く	
43	日	N5	Day; Sun; Japan; Counter For Days	にち/じつ	
44	明	N4	Bright; Light	めい/みょう/みん	
45	加	N3	Add; Addition; Increase; Join	か	
46	品	N4	Goods; Refinement; Dignity; Article	ひん/ほん	
47	少	N4	Few; Little	しょう	
48	土	N5	Soil; Earth; Ground; Turkey	ど/と	
49	木	N5	Tree; Wood	ぼく/もく	
50	本	N5	Book; Present; Main; Origin	ほん	
51	東	N5	East	とう	
52	相	N3	Inter-; Mutual; Together; Each Other	そう/しょう	
53	校	N5	Exam; School; Printing; Proof	こう/きょう	
54	由	N3	Wherefore; A Reason	ゆ/ゆう/ゆい	
55	食	N5	Eat; Food	しょく/じき	
56	車	N5	Car	しゃ	
57	夫	N3	Husband; Man	ふ/ふう/ぶ	
58	万	N5	Ten Thousand; 10,000	まん/ばん	
59	乗	N3	Ride; Power; Multiplication; Record	じょう/しょう	
60	想	N3	Concept; Think; Idea; Thought	そう/そ	
61	州	N2	State; Province	しゅう/す	
62	声	N3	Voice	せい/しょう	
63	念	N3	Wish; Sense; Idea; Thought	ねん	
64	象	N2	Elephant; Pattern After; Imitate; Image	しょう/ぞう	
65	域	N2	Range; Region; Limits; Stage	いき	
66	早	N4	Early; Fast	そう/さっ	
67	好	N3	Fond; Pleasing; Like Something	こう	
68	毎	N5	Every	まい	
69	失	N3	Lose; Error; Fault; Disadvantage	しつ	
70	門	N2	Gate; Counter For Cannons	もん	
71	間	N5	Interval; Space	かん/けん	
72	問	N4	Question; Ask; Problem	もん	
73	末	N3	End; Close; Tip; Powder	まつ/ばつ	
74	含	N2	Contain; Include; Hold In The Mouth; Bear In Mind	がん	
75	非	N3	Un-; Mistake; Negative; Injustice	ひ	
76	型	N2	Mould; Type; Model	けい	
77	白	N5	White	はく/びゃく	
78	百	N5	Hundred	ひゃく/びゃく	
79	島	N2	Island	とう	
80	申	N3	Have The Honor To; Sign Of The Monkey; 3-5pm; Ninth Sign Of Chinese Zodiac	しん	
81	呼	N3	Call; Call Out To; Invite	こ	
82	針	N2	Needle; Pin; Staple; Stinger	しん	
83	谷	N2	Valley	こく	
84	古	N4	Old	こ	
85	天	N5	Heavens; Sky; Imperial	てん	
86	兵	N2	Soldier; Private; Troops; Army	へい/ひょう	
87	悪	N4	Bad; Vice; Rascal; False	あく/お	
88	効	N2	Merit; Efficacy; Efficiency; Benefit	こう	
89	丸	N2	Round; Full (month); Perfection; -ship	がん	
90	省	N2	Focus; Government Ministry; Conserve	せい/しょう	
91	旧	N2	Old Times; Old Things; Old Friend; Former	きゅう	
92	太	N3	Plump; Thick; Big Around	たい/た	
93	周	N2	Circumference; Circuit; Lap	しゅう	
94	母	N5	Mother	ぼ	
95	火	N5	Fire	か	
96	戸	N2	Door; Counter For Houses; Door Radical (no. 63)	こ	
97	飛	N3	Fly; Skip (pages); Scatter	ひ	
98	赤	N4	Red	せき/しゃく	
99	竹	N2	Bamboo	ちく	
100	並	N2	Row; And; Besides; As Well As	へい/ほう	
101	森	N2	Forest; Woods	しん	
102	具	N3	Tool; Utensil; Means; Possess	ぐ	
103	真	N4	True; Reality; Buddhist Sect	しん	
104	馬	N3	Horse	ば	
105	未	N3	Un-; Not Yet; Hitherto; Still	み/び	
106	味	N4	Flavor; Taste	み	
107	舞	N3	Dance; Flit; Circle; Wheel	ぶ	
108	林	N2	Grove; Forest	りん	
109	鉄	N2	Iron	てつ	
110	込	N3	Crowded; Mixture; In Bulk; Included		
111	余	N3	Too Much; Myself; Surplus; Other	よ	
112	禁	N2	Prohibition; Ban; Forbid	きん	
113	印	N2	Stamp; Seal; Mark; Imprint	いん	
114	王	N3	King; Rule; Magnate	おう/-のう	
115	全	N3	Whole; Entire; All; Complete	ぜん	
116	主	N4	Lord; Chief; Master; Main Thing	しゅ/す/しゅう	
117	久	N2	Long Time; Old Story	きゅう/く	
118	植	N2	Plant	しょく	
119	玉	N2	Jewel; Ball	ぎょく	
120	羽	N2	Feathers; Counter For Birds, Rabbits	う	
121	習	N4	Learn	しゅう/じゅ	
122	普	N2	Universal; Wide(ly); Generally; Prussia	ふ	
123	了	N2	Complete; Finish	りょう	
124	極	N2	Poles; Settlement; Conclusion; End	きょく/ごく	
125	患	N2	Afflicted; Disease; Suffer From; Be Ill	かん	
126	曲	N3	Bend; Music; Melody; Composition	きょく	
127	永	N2	Eternity; Long; Lengthy	えい	
128	息	N3	Breath; Respiration; Son; Interest (on Money)	そく	
129	互	N3	Mutually; Reciprocally; Together	ご	
130	束	N3	Bundle; Sheaf; Ream; Tie In Bundles	そく	
131	札	N2	Tag; Paper Money; Counter For Bonds; Placard	さつ	
132	夕	N4	Evening	せき	
133	多	N4	Many; Frequent; Much	た	
134	名	N5	Name; Noted; Distinguished; Reputation	めい/みょう	
135	骨	N2	Skeleton; Bone; Remains; Frame	こつ	
136	雨	N5	Rain	う	
137	電	N5	Electricity	でん	
138	包	N2	Wrap; Pack Up; Cover; Conceal	ほう	
139	駐	N2	Stop-over; Reside In; Resident	ちゅう	
140	悲	N3	Grieve; Sad; Deplore; Regret	ひ	
141	吸	N3	Suck; Imbibe; Inhale; Sip	きゅう	
142	片	N2	One-sided; Leaf; Sheet; Right-side Kata Radical (no. 91)	へん	
143	泉	N2	Spring; Fountain	せん	
144	柱	N2	Pillar; Post; Cylinder; Support	ちゅう	
145	毛	N2	Fur; Hair; Feather; Down	もう	
146	牛	N4	Cow	ぎゅう	
147	衣	N2	Garment; Clothes; Dressing	い/え	
148	装	N2	Attire; Dress; Pretend; Disguise	そう/しょう	
149	冊	N2	Tome; Counter For Books; Volume	さつ/さく	
150	眠	N3	Sleep; Die; Sleepy	みん	
151	犬	N4	Dog	けん	
152	耳	N3	Ear	じ	
153	聞	N5	Hear; Ask; Listen	ぶん/もん	
154	卵	N2	Egg; Ovum; Spawn; Roe	らん	
155	喫	N2	Consume; Eat; Drink; Smoke	きつ	
156	干	N2	Dry; Parch; Ebb; Recede	かん	
157	午	N5	Noon; Sign Of The Horse; 11am-1pm; Seventh Sign Of Chinese Zodiac	ご	
158	虫	N2	Insect; Bug; Temper	ちゅう/き	
159	軒	N2	Flats; Counter For Houses; Eaves	けん	
160	妹	N4	Younger Sister	まい	
161	氷	N2	Icicle; Ice; Hail; Freeze	ひょう	
162	缶	N2	Tin Can; Container; Jar Radical (no. 121)	かん	
163	恥	N3	Shame; Dishonor	ち	
164	鼻	N2	Nose; Snout	び	
165	枯	N2	Wither; Die; Dry Up; Be Seasoned	こ	
166	舟	N2	Boat; Ship	しゅう	
167	貝	N2	Shellfish	ばい	
168	員	N4	Employee; Member; Number; The One In Charge	いん	
169	皿	N2	Dish; A Helping; Plate	べい	
170	血	N2	Blood	けつ	
171	燥	N2	Parch; Dry Up	そう	
172	囗	COMP	Box; Box Or Enclosure Radical (no. 31)	い/こく	15
173	国	N5	Country	こく	
174	因	N3	Cause; Factor; Be Associated With; Depend On	いん	
175	固	N2	Harden; Set; Clot; Curdle	こ	
176	困	N3	Quandary; Become Distressed; Annoyed	こん	
177	⺺	COMP	(bound component)		6
178	事	N4	Matter; Thing; Fact; Business	じ/ず	
179	妻	N3	Wife; Spouse	さい	
180	儿	COMP	Legs Radical (no. 10)	じん/にん	38
181	見	N5	See; Hopes; Chances; Idea	けん	
182	四	N5	Four	し	
183	現	N3	Present; Existing; Actual	げん	
184	元	N4	Beginning; Former Time; Origin	げん/がん	
185	規	N3	Standard; Measure	き	
186	児	N2	Newborn Babe; Child; Young Of Animals	じ/に/げい	
187	兄	N4	Elder Brother; Big Brother	けい/きょう	
188	龶	COMP	(bound component)		17
189	生	N5	Life; Genuine; Birth	せい/しょう	
190	青	N4	Blue; Green	せい/しょう	
191	責	N3	Blame; Condemn; Censure	せき	
192	星	N2	Star; Spot; Dot; Mark	せい/しょう	
193	晴	N3	Clear Up	せい	
194	毒	N2	Poison; Virus; Venom; Germ	どく	
195	姓	N2	Surname	せい/しょう	
196	辶	COMP	Walk; Walking; Road Radical Variant (no. 162)	ちゃく	29
197	連	N3	Take Along; Lead; Join; Connect	れん	
198	過	N3	Overdo; Exceed; Go Beyond; Error	か	
199	造	N2	Create; Make; Structure; Physique	ぞう	
200	週	N4	Week	しゅう	
201	速	N3	Quick; Fast	そく	
202	迎	N3	Welcome; Meet; Greet	げい	
203	途	N3	Route; Way; Road	と	
204	⺊	COMP	(bound component)		27
205	上	N5	Above; Up	じょう/しょう/しゃん	
206	占	N2	Fortune-telling; Divining; Forecasting; Occupy	せん	
207	⺹	COMP	(bound component)		9
208	者	N4	Someone; Person	しゃ	
209	龸	COMP	(bound component)		4
210	党	N2	Party; Faction; Clique	とう	
211	賞	N2	Prize; Reward; Praise	しょう	
212	堂	N4	Public Chamber; Hall	どう	
213	也	N1	To Be (classical)	や/え	3
214	地	N4	Ground; Earth	ち/じ	
215	亼	COMP	To Assemble. To Gather Together	しゅう/じゅう	11
216	合	N3	Fit; Suit; Join; 0.1	ごう/がっ/かっ	
217	⺆	COMP	(bound component)		59
218	内	N3	Inside; Within; Between; Among	ない/だい	
219	田	N4	Rice Field; Rice Paddy	でん	
220	用	N4	Utilize; Business; Service; Use	よう	
221	思	N4	Think	し	
222	男	N5	Male	だん/なん	
223	両	N3	Both; Old Japanese Coin; Counter For Carriages (e.g., In A Train); Two	りょう	
224	果	N3	Fruit; Reward; Carry Out; Achieve	か	
225	央	N2	Center; Middle	おう	
226	映	N4	Reflect; Reflection; Projection	えい	
227	肉	N4	Meat	にく	
228	胃	N2	Stomach; Paunch; Crop; Craw	い	
229	𠮛	COMP	(bound component)		7
230	同	N4	Same; Agree; Equal	どう	
231	銅	N2	Copper	どう	
232	亠	COMP	Kettle Lid Radical (no. 8)	とう	77
233	方	N4	Direction; Person; Alternative	ほう	
234	京	N4	Capital; 10**16	きょう/けい/きん	
235	言	N4	Say; Word	げん/ごん	
236	調	N3	Tune; Tone; Meter; Key (music)	ちょう	
237	六	N5	Six	ろく/りく	
238	認	N3	Acknowledge; Witness; Discern; Recognize	にん	
239	計	N4	Plot; Plan; Scheme; Measure	けい	
240	談	N3	Discuss; Talk	だん	
241	語	N5	Word; Speech; Language	ご	
242	訪	N3	Call On; Visit; Look Up; Offer Sympathy	ほう	
243	景	N3	Scenery; View	けい	
244	課	N2	Chapter; Lesson; Section; Department	か	
245	諸	N2	Various; Many; Several; Together	しょ	
246	許	N3	Permit; Approve	きょ	
247	卒	N2	Graduate; Soldier; Private; Die	そつ/しゅつ	
248	訓	N2	Instruction; Japanese Character Reading; Explanation; Read	くん/きん	
249	誤	N3	Mistake; Err; Do Wrong; Mislead	ご	
250	羊	N1	Sheep	よう	9
251	議	N3	Deliberation; Consultation; Debate; Consideration	ぎ	
252	着	N4	Don; Arrive; Wear; Counter For Suits Of Clothing	ちゃく/じゃく	
253	美	N3	Beauty; Beautiful	び/み	
254	様	N3	Esq.; Way; Manner; Situation	よう/しょう	
255	達	N3	Accomplished; Reach; Arrive; Attain	たつ/だ	
256	巾	COMP	Towel; Hanging Scroll; Width; Cloth Radical (no. 50)	きん/ふく	18
257	市	N3	Market; City; Town	し	
258	常	N3	Usual; Ordinary; Normal; Common	じょう	
259	姉	N4	Elder Sister	し	
260	帽	N2	Cap; Headgear	ぼう/もう	
261	扌	COMP	Hand; Hand Radical (no. 64)	しゅ	28
262	手	N4	Hand	しゅ/ず	
263	損	N2	Damage; Loss; Disadvantage; Hurt	そん	
264	抱	N3	Embrace; Hug; Hold In Arms	ほう	
265	捨	N2	Discard; Throw Away; Abandon; Resign	しゃ	
266	拾	N2	Pick Up; Gather; Find; Go On Foot	しゅう/じゅう	
267	丷	COMP	(bound component)		64
268	米	N3	Rice; Usa; Metre	べい/まい/めえとる	
269	来	N5	Come; Due; Next; Cause	らい/たい	
270	平	N3	Even; Flat; Peace	へい/びょう/ひょう	
271	半	N5	Half; Middle; Odd Number; Semi-	はん	
272	増	N3	Increase; Add; Augment; Gain	ぞう	
273	番	N3	Turn; Number In A Series	ばん	
274	精	N3	Refined; Ghost; Fairy; Energy	せい/しょう	
275	迷	N3	Astray; Be Perplexed; In Doubt; Lost	めい	
276	弟	N4	Younger Brother; Faithful Service To Elders	てい/だい/で	
277	挟	N2	Pinch; Between	きょう/しょう	
278	䒑	COMP	Grass; Straw; Herbs; Weeds		31
279	立	N4	Stand Up; Rise; Set Up; Erect	りつ/りゅう/りっとる	
280	首	N3	Neck; Counter For Songs And Poems	しゅ	
281	道	N4	Road-way; Street; District; Journey	どう/とう	
282	商	N3	Make A Deal; Selling; Dealing In; Merchant	しょう	
283	音	N4	Sound; Noise	おん/いん/-のん	
284	意	N4	Idea; Mind; Heart; Taste	い	
285	境	N2	Boundary; Border; Region	きょう/けい	
286	接	N2	Touch; Contact; Adjoin; Piece Together	せつ/しょう	
287	競	N2	Emulate; Compete With; Bid; Sell At Auction	きょう/けい	
288	章	N2	Badge; Chapter; Composition; Poem	しょう	
289	暗	N3	Darkness; Disappear; Shade; Informal	あん	
290	翌	N2	The Following; Next	よく	
291	辛	N2	Spicy; Bitter; Hot; Acrid	しん	
292	粒	N2	Grains; Drop; Counter For Tiny Particles	りゅう	
293	业	COMP	(bound component)		2
294	業	N4	Business; Vocation; Arts; Performance	ぎょう/ごう	
295	冋	COMP	Desert; Border Prairie; The 1st Form Is Radical 13	きょう/けい	2
296	高	N5	Tall; High; Expensive	こう	
297	丄	COMP	Above	じょう/しょう	33
298	円	N5	Circle; Yen; Round	えん	
299	工	N4	Craft; Construction; Katakana E Radical (no. 48)	こう/く/ぐ	
300	止	N4	Stop; Halt	し	
301	正	N4	Correct; Justice; Righteous; 10**40	せい/しょう	
302	差	N3	Distinction; Difference; Variation; Discrepancy	さ	
303	歩	N4	Walk; Counter For Steps	ほ/ぶ/ふ	
304	肯	N2	Agreement; Consent; Comply With	こう	
305	⺙	COMP	(bound component)		10
306	政	N3	Politics; Government	せい/しょう	
307	数	N3	Number; Strength; Fate; Law	すう/す/さく	
308	教	N4	Teach; Faith; Doctrine	きょう	
309	放	N3	Set Free; Release; Fire; Shoot	ほう	
310	敗	N3	Failure; Defeat; Reversal	はい	
311	枚	N2	Sheet Of...; Counter For Flat Thin Objects Or Sheets	まい/ばい	
312	关	COMP	Frontier Pass; Close; Relation		3
313	関	N3	Connection; Barrier; Gateway; Involve	かん	
314	送	N4	Escort; Send	そう	
315	咲	N2	Blossom; Bloom	しょう	
316	𧘇	COMP	(bound component)		3
317	表	N3	Surface; Table; Chart; Diagram	ひょう	
318	卜	COMP	Divining; Fortune-telling; Divination Or Katakana To Radical (no. 25)	ぼく	13
319	外	N5	Outside	がい/げ	
320	下	N5	Below; Down; Descend; Give	か/げ	
321	里	COMP	Ri; Village; Parent's Home; League	り	11
322	理	N4	Logic; Arrangement; Reason; Justice	り	
323	重	N4	Heavy; Important; Esteem; Respect	じゅう/ちょう	
324	動	N4	Move; Motion; Change; Confusion	どう	
325	量	N2	Quantity; Measure; Weight; Amount	りょう	
326	裏	N2	Back; Amidst; In; Reverse	り	
327	埋	N2	Bury; Be Filled Up; Embedded	まい	
328	童	N2	Juvenile; Child	どう	
329	亻	COMP	Radical Number 9		56
330	体	N4	Body; Substance; Object; Reality	たい/てい	
331	信	N3	Faith; Truth; Fidelity; Trust	しん	
332	件	N3	Affair; Case; Matter; Item	けん	
333	住	N4	Dwell; Reside; Live; Inhabit	じゅう/ぢゅう/ちゅう	
334	位	N3	Rank; Grade; Throne; Crown	い	
335	働	N3	Work; (kokuji)	どう	
336	個	N2	Individual; Counter For Articles	こ/か	
337	値	N3	Price; Cost; Value	ち	
338	他	N3	Other; Another; The Others	た	
339	休	N5	Rest; Day Off; Retire; Sleep	きゅう	
340	億	N2	Hundred Million; 10**8	おく	
341	伸	N2	Expand; Stretch; Extend; Lengthen	しん	
342	像	N2	Statue; Picture; Image; Figure	ぞう	
343	依	N2	Reliant; Depend On; Consequently; Therefore	い/え	
344	仲	N2	Go-between; Relationship	ちゅう	
345	弋	COMP	Piling; Ceremony Radical (no. 56)	よく	6
346	代	N4	Substitute; Change; Convert; Replace	だい/たい	
347	式	N3	Style; Ceremony; Rite; Function	しき	
348	武	N2	Warrior; Military; Chivalry; Arms	ぶ/む	
349	試	N4	Test; Try; Attempt; Experiment	し	
350	貸	N4	Lend	たい	
351	袋	N2	Sack; Bag; Pouch	たい/だい	
352	匕	COMP	Spoon; Spoon Or Katakana Hi Radical (no. 21)	ひ	18
353	化	N3	Change; Take The Form Of; Influence; Enchant	か/け	
354	北	N5	North	ほく	
355	比	N2	Compare; Race; Ratio; Philippines	ひ	
356	背	N3	Stature; Height; Back; Behind	はい	
357	老	N3	Old Man; Old Age; Grow Old	ろう	
358	貨	N2	Freight; Goods; Property	か	
359	皆	N3	All; Everything	かい	
360	丆	COMP	(bound component)		13
361	不	N4	Negative; Non-; Bad; Ugly	ふ/ぶ	
362	石	N3	Stone	せき/しゃく/こく	
363	否	N3	Negate; No; Noes; Refuse	ひ	
364	岩	N2	Boulder; Rock; Cliff	がん	
365	砂	N2	Sand	さ/しゃ	
366	杯	N3	Counter For Cupfuls; Wine Glass; Glass; Toast	はい	
367	忄	COMP	Heart; Standing Heart Radical Variant (no. 61)	しん	8
368	性	N3	Sex; Gender; Nature	せい/しょう	
369	情	N3	Feelings; Emotion; Passion; Sympathy	じょう/せい	
370	慣	N3	Accustomed; Get Used To; Become Experienced	かん	
371	刂	COMP	Knife; Standing Sword Radical (no. 18)	とう	19
372	制	N3	System; Law; Rule	せい	
373	判	N3	Judgement; Signature; Stamp; Seal	はん/ばん	
374	則	N2	Rule; Follow; Based On; Model After	そく	
375	側	N3	Side; Lean; Oppose; Regret	そく	
376	刊	N2	Publish; Carve; Engrave	かん	
377	刻	N3	Engrave; Cut Fine; Chop; Hash	こく	
378	刺	N2	Thorn; Pierce; Stab; Prick	し	
379	刖	COMP	Cutting Off Feet As Form Of Punishment	げつ/ぐち/ごつ	2
380	前	N5	In Front; Before	ぜん	
381	輸	N2	Transport; Send; Be Inferior	ゆ/しゅ	
382	戈	COMP	Halberd; Arms; Festival Car; Float	か	23
383	成	N3	Turn Into; Become; Get; Grow	せい/じょう	
384	職	N3	Post; Employment; Work	しょく/そく	
385	識	N3	Discriminating; Know; Write	しき	
386	城	N2	Castle	じょう/せい	
387	厶	COMP	I; Myself; Katakana Mu Radical (no. 28)	し/ぼう/む	32
388	公	N4	Public; Prince; Official; Governmental	こう/く	
389	台	N4	Pedestal; A Stand; Counter For Machines And Vehicles	だい/たい	
390	始	N4	Commence; Begin	し	
391	能	N3	Ability; Talent; Skill; Capacity	のう	
392	育	N3	Bring Up; Grow Up; Raise; Rear	いく	
393	去	N4	Gone; Past; Quit; Leave	きょ/こ	
394	払	N3	Pay; Clear Out; Prune; Banish	ふつ/ひつ/ほつ	
395	仏	N2	Buddha; The Dead; France	ぶつ/ふつ	
396	云	COMP	Say	うん	7
397	会	N4	Meeting; Meet; Party; Association	かい/え	
398	転	N4	Revolve; Turn Around; Change	てん	
399	伝	N3	Transmit; Go Along; Walk Along; Follow	でん/てん	
400	雲	N2	Cloud	うん	
401	曇	N2	Cloudy Weather; Cloud Up	どん	
402	氵	COMP	Water; Water Radical (no. 85)		54
403	法	N3	Method; Law; Rule; Principle	ほう/はっ/ほっ	
404	治	N3	Reign; Be At Peace; Calm Down; Subdue	じ/ち	
405	流	N3	Current; A Sink; Flow; Forfeit	りゅう/る	
406	況	N2	Condition; Situation	きょう	
407	注	N4	Pour; Irrigate; Shed (tears); Flow Into	ちゅう	
408	油	N2	Oil; Fat	ゆ/ゆう	
409	清	N2	Pure; Purify; Cleanse; Exorcise	せい/しょう/しん	
410	測	N2	Fathom; Plan; Scheme; Measure	そく	
411	洋	N4	Ocean; Sea; Foreign; Western Style	よう	
412	混	N2	Mix; Blend; Confuse	こん	
413	池	N2	Pond; Cistern; Pool; Reservoir	ち	
414	温	N2	Warm	おん	
415	汚	N2	Dirty; Pollute; Disgrace; Rape	お	
416	浴	N2	Bathe; Be Favored With; Bask In	よく	
417	洗	N3	Wash; Inquire Into; Probe	せん	
418	泳	N3	Swim	えい	
419	泊	N2	Overnight Stay; Put Up At; Ride At Anchor	はく	
420	沈	N2	Sink; Be Submerged; Subside; Be Depressed	ちん/じん	
421	湖	N2	Lake	こ	
422	塗	N2	Paint; Plaster; Daub; Smear	と	
423	汗	N2	Sweat; Perspire	かん	
424	湿	N2	Damp; Wet; Moist	しつ/しゅう	
425	涼	N2	Refreshing; Nice And Cool	りょう	
426	夬	COMP	Decide; Determine; Archery Glove	かい/けつ/けち	2
427	決	N3	Decide; Fix; Agree Upon; Appoint	けつ	
428	快	N2	Cheerful; Pleasant; Agreeable; Comfortable	かい	
429	弓	N1	Bow; Bow (archery, Violin)	きゅう	6
430	強	N4	Strong	きょう/ごう	
431	引	N3	Pull; Tug; Jerk; Admit	いん	
432	与	N3	Bestow; Participate In; Give; Award	よ	
433	又	N1	Or Again; Furthermore; On The Other Hand	ゆう	68
434	取	N3	Take; Fetch; Take Up	しゅ	
435	最	N3	Utmost; Most; Extreme	さい/しゅ	
436	支	N3	Branch; Support; Sustain; Branch Radical (no. 65)	し	
437	技	N2	Skill; Art; Craft; Ability	ぎ	
438	捜	N2	Search; Look For; Locate	そう/しゅ/しゅう	
439	双	N2	Pair; Set; Comparison; Counter For Pairs	そう	
440	皮	N2	Pelt; Skin; Hide; Leather	ひ	
441	破	N3	Rend; Rip; Tear; Break	は	
442	波	N2	Waves; Billows; Poland	は	
443	枝	N2	Bough; Branch; Twig; Limb	し	
444	阝	COMP	Place; Left Village Radical - 2 Stroke Form (no. 170)		15
445	都	N3	Metropolis; Capital; All; Everything	と/つ	
446	防	N2	Ward Off; Defend; Protect; Resist	ぼう	
447	階	N2	Storey; Stair; Counter For Storeys Of A Building	かい	
448	除	N3	Exclude; Division (x/3); Remove; Abolish	じょ/じ	
449	郵	N2	Mail; Stagecoach Stop	ゆう	
450	郊	N2	Outskirts; Suburbs; Rural Area	こう	
451	咅	COMP	To Spit Out	とう	2
452	部	N3	Section; Bureau; Dept; Class	ぶ	
453	倍	N2	Double; Twice; Times; Fold	ばい	
454	禾	COMP	Two-branch Tree Radical (no. 115)	か	14
455	和	N3	Harmony; Japanese Style; Peace; Soften	わ/お/か	
456	委	N2	Committee; Entrust To; Leave To; Devote	い	
457	利	N3	Profit; Advantage; Benefit	り	
458	私	N4	Private; I; Me	し	
459	移	N2	Shift; Move; Change; Drift	い	
460	種	N3	Species; Kind; Class; Variety	しゅ	
461	程	N3	Extent; Degree; Law; Formula	てい	
462	積	N3	Volume; Product (x*y); Acreage; Contents	せき	
463	秋	N4	Autumn	しゅう	
464	季	N2	Seasons	き	
465	香	N2	Incense; Smell; Perfume	こう/きょう	
466	秒	N2	Second (1/60 Minute)	びょう	
467	糹	COMP	(bound component)		22
468	総	N2	General; Whole; All; Full	そう	
469	線	N2	Line; Track	せん	
470	細	N2	Dainty; Get Thin; Taper; Slender	さい	
471	給	N3	Salary; Wage; Gift; Allow	きゅう	
472	練	N2	Practice; Gloss; Train; Drill	れん	
473	績	N2	Exploits; Achievements; Unreeling Cocoons	せき	
474	絵	N3	Picture; Drawing; Painting; Sketch	かい/え	
475	緒	N3	Thong; Beginning; Inception; End	しょ/ちょ	
476	紅	N2	Crimson; Deep Red	こう/く	
477	綿	N2	Cotton	めん	
478	圣	COMP	Holy; Sacred	こつ/くつ/こち	2
479	経	N3	Sutra; Longitude; Pass Thru; Expire	けい/きょう/きん	
480	軽	N2	Lightly; Trifling; Unimportant	けい/きょう/きん	
481	勹	COMP	Wrapping Enclosure; Wrapping Radical (no. 20)	ほう	30
482	約	N3	Promise; Approximately; Shrink	やく	
483	均	N2	Level; Average	きん	
484	舌	N1	Tongue; Reed; Clapper	ぜつ	4
485	話	N5	Tale; Talk	わ	
486	活	N3	Lively; Resuscitation; Being Helped; Living	かつ	
487	辞	N3	Resign; Word; Term; Expression	じ	
488	乱	N2	Riot; War; Disorder; Disturb	らん/ろん	
489	隹	COMP	Bird; Old Bird Radical (no. 172)	さい/すい	12
490	進	N3	Advance; Proceed; Progress; Promote	しん	
491	集	N4	Gather; Meet; Congregate; Swarm	しゅう	
492	確	N3	Assurance; Firm; Tight; Hard	かく/こう	
493	準	N2	Semi-; Correspond To; Proportionate To; Conform	じゅん	
494	隻	N2	Vessels; Counter For Ships; Fish; Birds	せき	
495	旨	N1	Delicious; Relish; Show A Liking For; Purport	し	2
496	指	N3	Finger; Point To; Indicate; Put Into	し	
497	脂	N2	Fat; Grease; Tallow; Lard	し	
498	𠂉	COMP	(bound component)		20
499	権	N3	Authority; Power; Rights	けん/ごん	
500	海	N4	Sea; Ocean	かい	
501	観	N3	Outlook; Look; Appearance; Condition	かん	
502	遊	N3	Play	ゆう/ゆ	
503	塩	N2	Salt	えん	
504	㐄	COMP	(bound component)		2
505	年	N5	Year; Counter For Years	ねん	
506	乍	COMP	Though; Notwithstanding; While; During	さ/さく	2
507	作	N4	Make; Production; Prepare; Build	さく/さ	
508	昨	N3	Yesterday; Previous	さく	
509	乂	COMP	Mow; Cut Grass; Subdue	がい/かい/げ	18
510	気	N5	Spirit; Mind; Air; Atmosphere	き/け	
511	文	N4	Sentence; Literature; Style; Art	ぶん/もん	
512	使	N4	Use; Send On A Mission; Order; Messenger	し	
513	史	N2	History; Chronicle	し	
514	父	N5	Father	ふ	
515	更	N3	Grow Late; Night Watch; Sit Up Late; Of Course	こう	
516	便	N3	Convenience; Facility; Excrement; Feces	べん/びん	
517	硬	N2	Stiff; Hard	こう	
518	匚	COMP	Box-on-side Enclosure Radical (no. 22)	ほう	15
519	区	N2	Ward; District	く/おう/こう	
520	匹	N2	Equal; Head; Counter For Small Animals; Roll Of Cloth	ひつ	
521	灬	COMP	Fire; Fire Radical (no. 86)	ひょう/か	11
522	点	N3	Spot; Point; Mark; Speck	てん	
523	黒	N4	Black	こく	
524	鳥	N4	Bird; Chicken	ちょう	
525	鳴	N3	Chirp; Cry; Bark; Sound	めい	
526	聿	COMP	Brush; Finally; Self; Relate	いち/いつ	4
527	書	N5	Write	しょ	
528	且	N1	Moreover; Also; Furthermore	しょ/そ/しょう	5
529	査	N2	Investigate	さ	
530	組	N3	Association; Braid; Plait; Construct	そ	
531	助	N3	Help; Rescue; Assist	じょ	
532	龹	COMP	(bound component)		3
533	勝	N3	Victory; Win; Prevail; Excel	しょう	
534	冖	COMP	Wa-shaped Crown Radical (no. 14)	べき	58
535	軍	N2	Army; Force; Troops; War	ぐん	
536	運	N4	Carry; Luck; Destiny; Fate	うん	
537	写	N4	Copy; Be Photographed; Describe	しゃ/じゃ	
538	帯	N2	Sash; Belt; Obi; Zone	たい	
539	畳	N2	Tatami Mat; Counter For Tatami Mats; Fold; Shut Up	じょう/ちょう	
540	⺍	COMP	(bound component)		9
541	学	N5	Study; Learning; Science	がく	
542	営	N2	Occupation; Camp; Perform; Build	えい	
543	労	N3	Labor; Thank For; Reward For; Toil	ろう	
544	覚	N3	Memorize; Learn; Remember; Awake	かく	
545	栄	N2	Flourish; Prosperity; Honor; Glory	えい/よう	
546	宀	COMP	Shaped Crown; Katakana U Radical (no. 40)	べん/めん	35
547	安	N4	Relax; Cheap; Low; Quiet	あん	
548	容	N3	Contain; Form; Looks	よう	
549	演	N3	Performance; Act; Play; Render	えん	
550	宅	N3	Home; House; Residence; Our House	たく	
551	字	N4	Character; Letter; Word; Section Of Village	じ	
552	完	N3	Perfect; Completion; End	かん	
553	院	N4	Inst.; Institution; Temple; Mansion	いん	
554	宿	N3	Inn; Lodging; Relay Station; Dwell	しゅく	
555	宇	N2	Eaves; Roof; House; Heaven	う	
556	奥	N2	Heart; Interior	おう	
557	宝	N2	Treasure; Wealth; Valuables	ほう	
558	腕	N2	Arm; Ability; Talent	わん	
559	溶	N2	Melt; Dissolve; Thaw	よう	
560	𡗗	COMP	(bound component)		3
561	実	N3	Reality; Truth	じつ/しつ	
562	春	N4	Springtime; Spring (season)	しゅん	
563	棒	N2	Rod; Stick; Cane; Pole	ぼう	
564	豕	COMP	Pig; Hog; Pig Radical (no. 152)	し	2
565	家	N4	House; Home; Family; Professional	か/け	
566	⺁	COMP	(bound component)		21
567	反	N3	Anti-	はん/ほん/たん	
568	販	N2	Marketing; Sell; Trade	はん	
569	返	N3	Return; Answer; Fade; Repay	へん	
570	版	N2	Printing Block; Printing Plate; Edition; Impression	はん	
571	坂	N2	Slope; Incline; Hill	はん	
572	板	N2	Plank; Board; Plate; Stage	はん/ばん	
573	丂	COMP	Obstruction Of Breath (qi) As It Seeks Release; Variant Of Other Characters	こう	2
574	考	N4	Consider; Think Over	こう	
575	号	N3	Nickname; Number; Item; Title	ごう	
576	凵	COMP	Open Box Enclosure; Open Box Radical (no. 17)	かん	8
577	画	N4	Brush-stroke; Picture	が/かく/え	
578	歯	N3	Tooth; Cog	し	
579	彡	COMP	Three; Hair Ornament; Short Hair Or Fur Radical (no. 59)	さん/せん	5
580	参	N3	Nonplussed; Three (in Documents); Going; Coming	さん/しん	
581	珍	N2	Rare; Curious; Strange	ちん	
582	士	N1	Gentleman; Scholar; Samurai; Samurai Radical (no. 33)	し	9
583	売	N4	Sell	ばい	
584	続	N3	Continue; Series; Sequel	ぞく/しょく/こう	
585	仕	N4	Attend; Doing; Official; Serve	し/じ	
586	読	N5	Read	どく/とく/とう	
587	喜	N3	Rejoice; Take Pleasure In	き	
588	誌	N2	Document; Records	し	
589	詰	N2	Packed; Close; Pressed; Reprove	きつ/きち	
590	矢	N1	Dart; Arrow	し	6
591	知	N4	Know; Wisdom	ち	
592	族	N4	Tribe; Family	ぞく	
593	医	N4	Doctor; Medicine	い	
594	𠂇	COMP	(bound component)		39
595	在	N3	Exist; Outskirts; Suburbs; Located In	ざい	
596	有	N4	Possess; Have; Exist; Happen	ゆう/う	
597	存	N3	Exist; Suppose; Be Aware Of; Believe	そん/ぞん	
598	右	N5	Right	う/ゆう	
599	友	N5	Friend	ゆう	
600	左	N5	Left	さ/しゃ	
601	抜	N3	Slip Out; Extract; Pull Out; Pilfer	ばつ/はつ/はい	
602	布	N2	Linen; Cloth; Spread; Distribute	ふ	
603	希	N2	Hope; Beg; Request; Pray	き/け	
604	怖	N3	Dreadful; Be Frightened; Fearful	ふ/ほ	
605	髪	N3	Hair Of The Head	はつ	
606	才	N3	Genius; Years Old; Cubic Shaku	さい	
607	財	N3	Property; Money; Wealth; Assets	ざい/さい/ぞく	
608	材	N2	Lumber; Log; Timber; Wood	ざい	
609	閉	N3	Closed; Shut	へい	
610	灰	N2	Ashes; Puckery Juice; Cremate	かい	
611	炭	N2	Charcoal; Coal	たん	
612	寸	N1	Measurement; Tenth Of A Shaku; A Little; Small	すん	19
613	対	N3	Vis-a-vis; Opposite; Even; Equal	たい/つい	
614	団	N2	Group; Association	だん/とん	
615	村	N2	Village; Town	そん	
616	付	N3	Adhere; Attach; Refer To; Append	ふ	
617	導	N2	Guidance; Leading; Conduct; Usher	どう	
618	守	N3	Guard; Protect; Defend; Obey	しゅ/す	
619	専	N2	Specialty; Exclusive; Mainly; Solely	せん	
620	寺	N2	Buddhist Temple	じ	
621	時	N5	Time; Hour	じ	
622	持	N4	Hold; Have	じ	
623	特	N4	Special	とく	
624	勿	COMP	Not; Must Not; Do Not; Be Not	もち/ぶつ/ぼつ	5
625	物	N4	Thing; Object; Matter	ぶつ/もつ	
626	易	N3	Easy; Ready To; Simple; Fortune-telling	えき/い	
627	昜	COMP	Open; Sun	よう	3
628	場	N4	Location; Place	じょう/ちょう	
629	陽	N3	Sunshine; Yang Principle; Positive; Male	よう	
630	湯	N2	Hot Water; Bath; Hot Spring	とう	
631	壬	COMP	9th Calendar Sign	にん/じん/い	2
632	任	N3	Responsibility; Duty; Term; Entrust To	にん	
633	歹	COMP	Bare Bone; Bad; Wrong; Death Radical (n. 78)	がつ/がち/たい	4
634	死	N4	Death; Die	し	
635	列	N3	File; Row; Rank; Tier	れつ/れ	
636	例	N3	Example; Custom; Usage; Precedent	れい	
637	㠯	COMP	(bound component)		3
638	官	N3	Bureaucrat; The Government; Organ	かん	
639	丁	N1	Street; Ward; Town; Counter For Guns, Tools, Leaves Or Cakes Of Something	ちょう/てい/ちん	12
640	打	N3	Strike; Hit; Knock; Pound	だ/だあす	
641	町	N4	Town; Village; Block; Street	ちょう	
642	停	N2	Halt; Stopping	てい	
643	貯	N2	Savings; Store; Lay In; Keep	ちょ	
644	灯	N2	Lamp; A Light; Light; Counter For Lights	とう	
645	夂	COMP	Late; Delayed; Winter Radical (no. 34)	ち	24
646	各	N2	Each; Every; Either	かく	
647	格	N3	Status; Rank; Capacity; Character	かく/こう/きゃく	
648	優	N3	Tenderness; Excel; Surpass; Actor	ゆう/う	
649	夜	N4	Night; Evening	や	
650	客	N3	Guest; Visitor; Customer; Client	きゃく/かく	
651	降	N3	Descend; Precipitate; Fall; Surrender	こう/ご	
652	夏	N4	Summer	か/が/げ	
653	略	N2	Abbreviation; Omission; Outline; Shorten	りゃく	
654	絡	N2	Entwine; Coil Around; Get Caught In	らく	
655	液	N2	Fluid; Liquid; Juice; Sap	えき	
656	麦	N2	Barley; Wheat	ばく	
657	亦	N1	Also; Again	えき/やく	4
658	変	N3	Unusual; Change; Strange	へん	
659	湾	N2	Gulf; Bay; Inlet	わん	
660	恋	N2	Romance; In Love; Yearn For; Miss	れん	
661	龺	COMP	(bound component)		2
662	朝	N4	Morning; Dynasty; Regime; Epoch	ちょう	
663	乾	N2	Drought; Dry; Dessicate; Drink Up	かん/けん	
664	兀	COMP	High & Level; Lofty; Bald; Dangerous	こつ	8
665	西	N5	West; Spain	せい/さい/す	
666	腰	N2	Loins; Hips; Waist; Low Wainscoting	よう	
667	覀	COMP	Variant Of Radical 146		2
668	要	N3	Need; Main Point; Essence; Pivot	よう	
669	煙	N3	Smoke	えん	
670	罒	COMP	Net Radical Variant (no. 122)	もう/ぼう	5
671	置	N3	Placement; Put; Set; Deposit	ち	
672	買	N4	Buy	ばい	
673	署	N2	Signature; Govt Office; Police Station	しょ	
674	罪	N3	Guilt; Sin; Crime; Fault	ざい	
675	尸	COMP	Corpse; Remains; Flag Radical (no. 44)	し	14
676	局	N3	Bureau; Board; Office; Affair	きょく	
677	遅	N3	Slow; Late; Back; Later	ち	
678	居	N3	Reside; To Be; Exist; Live With	きょ/こ	
679	届	N2	Deliver; Reach; Arrive; Report	かい	
680	掘	N2	Dig; Delve; Excavate	くつ	
681	刷	N2	Printing; Print; Brush	さつ	
682	泥	N2	Mud; Mire; Adhere To; Be Attached To	でい/ない/で	
683	兑	COMP	(bound component)		3
684	税	N2	Tax; Duty	ぜい	
685	説	N3	Opinion; Theory; Explanation; Rumor	せつ/ぜい	
686	鋭	N2	Pointed; Sharpness; Edge; Weapon	えい	
687	丬	COMP	Half Of Tree Trunk; Rad. No. 90		3
688	状	N3	Status Quo; Conditions; Circumstances; Form	じょう	
689	将	N2	Leader; Commander; General; Admiral	しょう/そう	
690	廴	COMP	Long Stride Or Stretching Radical (no. 54)	いん	3
691	建	N4	Build	けん/こん	
692	延	N2	Prolong; Stretching	えん	
693	穴	N1	Hole; Aperture; Slit; Cave	けつ	4
694	空	N4	Empty; Sky; Void; Vacant	くう	
695	究	N4	Research; Study	きゅう/く	
696	突	N3	Stab; Protruding; Thrust; Pierce	とつ/か	
697	窓	N3	Window; Pane	そう/す	
698	弗	COMP	Dollar	ふつ/ほち	2
699	費	N3	Expense; Cost; Spend; Consume	ひ	
700	沸	N2	Seethe; Boil; Ferment; Uproar	ふつ	
701	刀	N1	Sword; Saber; Knife	とう	14
702	切	N4	Cut; Cutoff; Be Sharp	せつ/さい	
703	辺	N2	Environs; Boundary; Border; Vicinity	へん	
704	券	N2	Ticket	けん	
705	召	N2	Seduce; Call; Send For; Wear	しょう	
706	招	N3	Beckon; Invite; Summon; Engage	しょう	
707	紹	N2	Introduce; Inherit; Help	しょう	
708	照	N2	Illuminate; Shine; Compare; Bashful	しょう	
709	衤	COMP	Clothes; Clothing Radical (no. 145		4
710	初	N3	First Time; Beginning	しょ	
711	被	N2	Incur; Cover; Veil; Brood Over	ひ	
712	甫	N1	For The First Time; Not Until	ほ/ふ	3
713	補	N2	Supplement; Supply; Make Good; Offset	ほ	
714	捕	N3	Catch; Capture	ほ	
715	丩	COMP	To Join Or Connect The Vine	きゅう	2
716	収	N3	Income; Obtain; Reap; Pay	しゅう	
717	叫	N2	Shout; Exclaim; Yell	きょう	
718	可	COMP	Can; Passable; Mustn't; Should Not	か/こく	5
719	何	N5	What	か	
720	河	N2	River	か	
721	寄	N3	Draw Near; Stop In; Bring Near; Gather	き	
722	𢆉	COMP	(bound component)		3
723	南	N5	South	なん/な	
724	幸	N3	Happiness; Blessing; Fortune	こう	
725	龰	COMP	(bound component)		9
726	足	N4	Leg; Foot; Be Sufficient; Counter For Pairs Of Footwear	そく	
727	走	N4	Run	そう	
728	超	N2	Transcend; Super-; Ultra-	ちょう	
729	越	N3	Surpass; Cross Over; Move To; Exceed	えつ/おつ	
730	𤴓	COMP	(bound component)		2
731	定	N3	Determine; Fix; Establish; Decide	てい/じょう	
732	頁	COMP	Page; Leaf	けつ	12
733	題	N4	Topic; Subject	だい	
734	額	N2	Forehead; Tablet; Plaque; Framed Picture	がく	
735	類	N3	Sort; Kind; Variety; Class	るい	
736	頼	N3	Trust; Request	らい	
737	順	N2	Obey; Order; Turn; Right	じゅん	
738	傾	N2	Lean; Incline; Tilt; Trend	けい	
739	頂	N3	Place On The Head; Receive; Top Of Head; Top	ちょう	
740	龴	COMP	(bound component)		15
741	疑	N3	Doubt; Distrust; Be Suspicious; Question	ぎ	
742	勇	N2	Courage; Cheer Up; Be In High Spirits; Bravery	ゆう	
743	甬	COMP	Road With Walls On Both Sides	よう	3
744	通	N4	Traffic; Pass Through; Avenue; Commute	つう/つ	
745	𠄐	COMP	(bound component)		5
746	予	N3	Beforehand; Previous; Myself; I	よ/しゃ	
747	野	N4	Plains; Field; Rustic; Civilian Life	や/しょ	
748	預	N2	Deposit; Custody; Leave With; Entrust To	よ	
749	矛	N1	Halberd; Arms; Festival Float	む/ぼう	2
750	務	N3	Task; Duties	む	
751	柔	N2	Tender; Weakness; Gentleness; Softness	じゅう/にゅう	
752	韋	COMP	Tanned Leather Radical (no. 178)	い	2
753	違	N3	Difference; Differ	い	
754	偉	N3	Admirable; Greatness; Remarkable; Conceited	い	
755	⺌	COMP	(bound component)		3
756	消	N3	Extinguish; Blow Out; Turn Off; Neutralize	しょう	
757	光	N3	Ray; Light	こう	
758	彐	COMP	Snout; Pig's Head Radical (no. 58)	けい	19
759	当	N3	Hit; Right; Appropriate; Himself	とう	
760	候	N3	Climate; Season; Weather; Wait For	こう	
761	巨	N2	Gigantic; Big; Large; Great	きょ	
762	寝	N3	Lie Down; Sleep; Rest; Bed	しん	
763	雪	N3	Snow	せつ	
764	臣	N2	Retainer; Subject	しん/じん	
765	賢	N2	Intelligent; Wise; Wisdom; Cleverness	けん	
766	己	N1	Self	こ/き	4
767	改	N2	Reformation; Change; Modify; Mend	かい	
768	起	N4	Rouse; Wake Up; Get Up	き	
769	巻	N2	Scroll; Volume; Book; Part	かん/けん	
770	⺈	COMP	(bound component)		25
771	急	N4	Hurry; Emergency; Sudden; Steep	きゅう	
772	負	N3	Defeat; Negative; -; Minus	ふ	
773	換	N2	Interchange; Period; Change; Convert	かん	
774	角	N2	Angle; Corner; Square; Horn	かく	
775	解	N3	Unravel; Notes; Key; Explanation	かい/げ	
776	欠	N3	Lack; Gap; Fail; Yawning Radical (no. 76)	けつ/けん	
777	欧	N2	Europe	おう	
778	歌	N4	Song; Sing	か	
779	欲	N3	Longing; Covetousness; Greed; Passion	よく	
780	触	N2	Contact; Touch; Feel; Hit	しょく	
781	勉	N4	Exertion; Endeavour; Encourage; Strive	べん	
782	吹	N3	Blow; Breathe; Puff; Emit	すい	
783	魚	N4	Fish	ぎょ	
784	漁	N2	Fishing; Fishery	ぎょ/りょう	
785	軟	N2	Soft	なん	
786	晩	N3	Nightfall; Night	ばん	
787	冫	COMP	Two-stroke Water Radical Or Ice Radical (no. 15)	ひょう	14
788	次	N3	Next; Order; Sequence	じ/し	
789	資	N3	Assets; Resources; Capital; Funds	し	
790	楽	N4	Music; Comfort; Ease	がく/らく/ごう	
791	弱	N2	Weak; Frail	じゃく	
792	盗	N3	Steal; Rob; Pilfer	とう	
793	兆	N2	Portent; 10**12; Trillion; Sign	ちょう	
794	逃	N3	Escape; Flee; Shirk; Evade	とう	
795	凍	N2	Frozen; Congeal; Refrigerate	とう	
796	氺	COMP	Water Radical Variant (no. 85)	すい	4
797	求	N3	Request; Want; Wish For; Require	きゅう/ぐ	
798	球	N3	Ball; Sphere	きゅう	
799	⺕	COMP	(bound component)		4
800	争	N3	Contend; Dispute; Argue	そう	
801	静	N3	Quiet	せい/じょう	
802	卄	COMP	(bound component)		61
803	備	N3	Equip; Provision; Preparation	び	
804	落	N3	Fall; Drop; Come Down; Village	らく	
805	英	N4	England; English; Hero; Outstanding	えい	
806	若	N3	Young; If; Perhaps; Possibly	じゃく/にゃく/にゃ	
807	満	N3	Full; Fullness; Enough; Satisfy	まん/ばん	
808	花	N4	Flower	か/け	
809	苦	N3	Suffering; Trial; Worry; Hardship	く	
810	薬	N3	Medicine; Chemical; Enamel; Gunpowder	やく	
811	芸	N2	Technique; Art; Craft; Performance	げい/うん	
812	昇	N2	Rise Up	しょう	
813	著	N2	Renowned; Publish; Write; Remarkable	ちょ/ちゃく	
814	夢	N3	Dream; Vision; Illusion	む/ぼう	
815	草	N3	Grass; Weeds; Herbs; Pasture	そう	
816	薄	N2	Dilute; Thin; Weak (tea); Pampas Grass	はく	
817	荷	N2	Baggage; Shoulder-pole Load; Bear (a Burden); Shoulder (a Gun)	か	
818	甘	N2	Sweet; Coax; Pamper; Be Content	かん	
819	期	N3	Period; Time; Date; Term	き/ご	
820	械	N2	Contraption; Fetter; Machine; Instrument	かい	
821	蒸	N2	Steam; Heat; Sultry; Foment	じょう/せい	
822	塔	N2	Pagoda; Tower; Steeple	とう	
823	菓	N2	Candy; Cakes; Fruit	か	
824	开	COMP	Open; Initiate; Begin; Start		5
825	開	N4	Open; Unfold; Unseal	かい	
826	研	N4	Polish; Study Of; Sharpen	けん	
827	形	N3	Shape; Form; Style	けい/ぎょう	
828	瓶	N2	Bottle; Vial; Jar; Jug	びん	
829	癶	COMP	Dotted Tent Radical (no. 105)	はつ	5
830	発	N4	Departure; Discharge; Publish; Emit	はつ/ほつ	
831	祭	N2	Ritual; Offer Prayers; Celebrate; Deify	さい	
832	際	N3	Occasion; Side; Edge; Verge	さい	
833	察	N3	Guess; Presume; Surmise; Judge	さつ	
834	廿	COMP	Twenty	じゅう/にゅう	10
835	世	N4	Generation; World; Society; Public	せい/せ/そう	
836	革	N2	Leather; Skin; Reform; Become Serious	かく	
837	難	N3	Difficult; Impossible; Trouble; Accident	なん	
838	葉	N3	Leaf; Plane; Lobe; Needle	よう	
839	勤	N3	Diligence; Become Employed; Serve	きん/ごん	
840	漢	N4	Sino-; China	かん	
841	靴	N3	Shoes	か	
842	龷	COMP	(bound component)		14
843	共	N3	Together; Both; Neither; All	きょう	
844	供	N3	Submit; Offer; Present; Serve (meal)	きょう/く/くう	
845	暴	N2	Outburst; Rave; Fret; Force	ぼう/ばく	
846	爆	N2	Bomb; Burst Open; Pop; Split	ばく	
847	散	N3	Scatter; Disperse; Spend; Squander	さん	
848	焼	N2	Bake; Burning	しょう	
849	昔	N3	Once Upon A Time; Antiquity; Old Times	せき/しゃく	
850	借	N4	Borrow; Rent	しゃく	
851	黄	N2	Yellow	こう/おう	
852	横	N3	Sideways; Side; Horizontal; Width	おう	
853	巳	N1	Sign Of The Snake Or Serpent; 9-11am; Sixth Sign Of Chinese Zodiac	し	2
854	選	N3	Elect; Select; Choose; Prefer	せん	
855	港	N3	Harbor	こう	
856	丰	COMP	Abundant; Lush; Bountiful; Plenty	ほう/ふ/ふう	4
857	害	N3	Harm; Injury	がい	
858	割	N3	Proportion; Comparatively; Divide; Cut	かつ	
859	拝	N2	Worship; Adore; Pray To	はい	
860	酉	N1	West; Bird; Sign Of The Bird; 5-7pm	ゆう	3
861	配	N3	Distribute; Spouse; Exile; Rationing	はい	
862	酒	N3	Sake; Alcohol	しゅ	
863	尊	N2	Revered; Valuable; Precious; Noble	そん	
864	畐	COMP	To Fill; Roll Of Cloth	ふく/ひょく/ひき	4
865	副	N2	Vice-; Assistant; Aide; Duplicate	ふく	
866	幅	N2	Hanging Scroll; Width	ふく	
867	富	N3	Wealth; Enrich; Abundant	ふ/ふう	
868	⺮	COMP	(bound component)		12
869	算	N2	Calculate; Divining; Number; Abacus	さん	
870	答	N4	Solution; Answer	とう	
871	管	N2	Pipe; Tube; Wind Instrument; Drunken Talk	かん	
872	等	N3	Etc.; And So Forth; Class (first); Quality	とう	
873	簡	N2	Simplicity; Brevity	かん/けん	
874	筆	N2	Writing Brush; Writing; Painting Brush; Handwriting	ひつ	
875	箱	N3	Box; Chest; Case; Bin	そう	
876	筒	N2	Cylinder; Pipe; Tube; Gun Barrel	とう	
877	符	N2	Token; Sign; Mark; Tally	ふ	
878	术	COMP	(bound component)		2
879	述	N2	Mention; State; Speak; Relate	じゅつ	
880	戋	COMP	(bound component)		2
881	残	N3	Remainder; Leftover; Balance	ざん/さん	
882	浅	N2	Shallow; Superficial; Frivolous; Wretched	せん	
883	疒	COMP	Trailing Sickness; Sick Radical (no. 104)	だく/にゃく/そう	4
884	病	N4	Ill; Sick	びょう/へい	
885	療	N2	Heal; Cure	りょう	
886	痛	N3	Pain; Hurt; Damage; Bruise	つう	
887	疲	N3	Exhausted; Tire; Weary	ひ	
888	彳	COMP	Stop; Linger; Loiter; Going Man Radical (no. 60)	てき	11
889	待	N4	Wait; Depend On	たい	
890	彼	N3	He; That; The	ひ	
891	徒	N3	On Foot; Junior; Emptiness; Vanity	と	
892	律	N2	Rhythm; Law; Regulation; Gauge	りつ/りち/れつ	
893	亍	COMP	To Take Small Steps; Korean Place Name	ちょく	2
894	行	N5	Going; Journey; Carry Out; Conduct	こう/ぎょう/あん	
895	術	N3	Art; Technique; Skill; Means	じゅつ	
896	幺	COMP	Short Thread Radical (no. 52)	よう	8
897	後	N5	Behind; Back; Later	ご/こう	
898	幼	N2	Infancy; Childhood	よう	
899	糸	N2	Thread	し	
900	畜	N2	Livestock; Domestic Fowl And Animals	ちく	
901	旦	N1	Daybreak; Dawn; Morning	たん/だん	3
902	得	N3	Gain; Get; Find; Earn	とく	
903	担	N2	Shouldering; Carry; Raise; Bear	たん	
904	系	N1	Lineage; System	けい	2
905	係	N3	Person In Charge; Connection; Duty; Concern Oneself	けい	
906	孫	N2	Grandchild; Descendants	そん	
907	艮	COMP	Northeast (oriental Zodiac); Stopping; Good Radical (no. 138)	こん/ごん	13
908	銀	N4	Silver	ぎん	
909	限	N3	Limit; Restrict; To Best Of Ability	げん	
910	退	N3	Retreat; Withdraw; Retire; Resign	たい	
911	良	N3	Good; Pleasing; Skilled	りょう	
912	根	N2	Root; Radical; Head (pimple)	こん	
913	娘	N3	Daughter; Girl	じょう	
914	丨	COMP	Number One; Line; Rod Radical (no. 2)	こん/し/じょ	8
915	長	N5	Long; Leader; Superior; Senior	ちょう	
916	丶	COMP	Dot; Tick Or Dot Radical (no. 3)	ちゅ	5
917	以	N4	By Means Of; Because; In View Of; Compared With	い	
918	似	N3	Becoming; Resemble; Counterfeit; Imitate	じ	
919	丿	COMP	Katakana No Radical (no. 4)	へつ	4
920	済	N3	Settle (debt, Etc.); Relieve (burden); Finish; Come To An End	さい/せい	
921	面	N3	Mask; Face; Features; Surface	めん/べん	
922	介	N2	Jammed In; Shellfish; Mediate; Concern Oneself With	かい	
923	界	N4	World; Boundary	かい	
924	肰	COMP	(bound component)		2
925	然	N3	Sort Of Thing; So; If So; In That Case	ぜん/ねん	
926	燃	N2	Burn; Blaze; Glow	ねん	
927	㑒	COMP	(bound component)		2
928	験	N4	Verification; Effect; Testing	けん/げん	
929	険	N3	Precipitous; Inaccessible Place; Impregnable Position; Steep Place	けん	
930	𠂤	COMP	To Store Up; To Pile Up	たい	2
931	追	N3	Chase; Drive Away; Follow; Pursue	つい	
932	師	N3	Expert; Teacher; Master; Model	し	
933	豆	N1	Beans; Pea; Midget	とう/ず	4
934	頭	N3	Head; Counter For Large Animals	とう/ず/と	
935	登	N3	Ascend; Climb Up	とう/と/どう	
936	短	N2	Short; Brevity; Fault; Defect	たん	
937	豊	N2	Bountiful; Excellent; Rich	ほう/ぶ	
938	复	COMP	Return; Repeat; Repeatedly		3
939	復	N2	Restore; Return To; Revert; Resume	ふく	
940	複	N2	Duplicate; Double; Compound; Multiple	ふく	
941	腹	N3	Abdomen; Belly; Stomach	ふく	
942	凶	N1	Villain; Evil; Bad Luck; Disaster	きょう	3
943	脳	N2	Brain; Memory	のう/どう	
944	悩	N2	Trouble; Worry; In Pain; Distress	のう	
945	胸	N2	Bosom; Breast; Chest; Heart	きょう	
946	卩	COMP	Seal Radical (no. 26)	せつ	4
947	命	N3	Fate; Command; Decree; Destiny	めい/みょう	
948	御	N3	Honorable; Manipulate; Govern	ぎょ/ご	
949	𠬝	COMP	(bound component)		2
950	報	N3	Report; News; Reward; Retribution	ほう	
951	服	N4	Clothing; Admit; Obey; Discharge	ふく	
952	帚	COMP	Broom	そう/しゅう	3
953	帰	N4	Homecoming; Arrive At; Lead To; Result In	き	
954	婦	N3	Lady; Woman; Wife; Bride	ふ	
955	掃	N2	Sweep; Brush	そう/しゅ	
956	⻊	COMP	(bound component)		3
957	路	N3	Path; Route; Road; Distance	ろ/る	
958	跡	N2	Tracks; Mark; Print; Impression	せき	
959	踊	N2	Jump; Dance; Leap; Skip	よう	
960	⺀	COMP	(bound component)		6
961	図	N4	Map; Drawing; Plan; Extraordinary	ず/と	
962	冬	N4	Winter	とう	
963	終	N4	End; Finish	しゅう	
964	斗	N1	Big Dipper; Ten Sho (vol); Sake Dipper; Dots And Cross Radical (no. 68)	と/とう	2
965	料	N4	Fee; Materials	りょう	
966	科	N3	Department; Course; Section	か	
967	录	COMP	(bound component)		2
968	録	N2	Record	ろく	
969	緑	N2	Green	りょく/ろく	
970	几	COMP	Table; Table Enclosure; Table Or Windy Radical (no. 16)	き	15
971	処	N3	Dispose; Manage; Deal With; Sentence	しょ	
972	風	N4	Wind; Air; Style; Manner	ふう/ふ	
973	航	N2	Navigate; Sail; Cruise; Fly	こう	
974	船	N3	Ship; Boat	せん	
975	肌	N2	Texture; Skin; Body; Grain	き	
976	机	N2	Desk; Table	き	
977	殳	COMP	Pike; Windy-again Radical (no. 79)	しゅ	7
978	設	N2	Establishment; Provision; Prepare	せつ	
979	投	N3	Throw; Discard; Abandon; Launch Into	とう	
980	役	N3	Duty; War; Campaign; Drafted Labor	やく/えき	
981	段	N3	Grade; Steps; Stairs	だん/たん	
982	般	N2	Carrier; Carry; All; General	はん	
983	殿	N2	Mr.; Hall; Mansion; Palace	でん/てん	
984	夭	COMP	Early Death; Calamity	よう/おう/か	2
985	橋	N2	Bridge	きょう	
986	笑	N3	Laugh	しょう	
987	厂	COMP	Wild Goose; Trailing Cliff Radical (no. 27)	かん	31
988	岸	N2	Beach	がん	
989	歴	N2	Curriculum; Continuation; Passage Of Time	れき/れっき	
990	圧	N2	Pressure; Push; Overwhelm; Oppress	あつ/えん/おう	
991	厚	N2	Thick; Heavy; Rich; Kind	こう	
992	广	COMP	Dotted Cliff Radical (no. 53)	げん	14
993	度	N4	Degrees; Occurrence; Time; Counter For Occurrences	ど/と/たく	
994	府	N2	Borough; Urban Prefecture; Govt Office; Representative Body	ふ	
995	広	N4	Wide; Broad; Spacious	こう	
996	席	N3	Seat; Mat; Occasion; Place	せき	
997	店	N4	Store; Shop	てん	
998	渡	N3	Transit; Ford; Ferry; Cross	と	
999	座	N3	Squat; Seat; Cushion; Gathering	ざ	
1000	庁	N2	Government Office	ちょう/てい	
1001	庭	N3	Courtyard; Garden; Yard	てい	
1002	庫	N2	Warehouse; Storehouse	こ/く	
1003	床	N2	Bed; Counter For Beds; Floor; Padding	しょう	
1004	鉱	N2	Mineral; Ore	こう	
1005	磨	N2	Grind; Polish; Scour; Improve	ま	
1006	产	COMP	(bound component)		2
1007	産	N3	Products; Bear; Give Birth; Yield	さん	
1008	顔	N3	Face; Expression	がん	
1009	𤽄	COMP	(bound component)		2
1010	原	N3	Meadow; Original; Primitive; Field	げん	
1011	願	N3	Petition; Request; Vow; Wish	がん	
1012	戊	COMP	5th Calendar Sign	ぼ/ぼう	5
1013	歳	N3	Year-end; Age; Occasion; Opportunity	さい/せい	
1014	蔵	N2	Storehouse; Hide; Own; Have	ぞう/そう	
1015	臓	N2	Entrails; Viscera; Bowels	ぞう	
1016	咸	COMP	All; Same	かん/げん	2
1017	感	N3	Emotion; Feeling; Sensation	かん	
1018	減	N2	Dwindle; Decrease; Reduce; Decline	げん	
1019	辰	N1	Sign Of The Dragon; 7-9am; Fifth Sign Of Chinese Zodiac; Shin Dragon Radical (no. 161)	しん/じん	3
1020	農	N2	Agriculture; Farmers	のう	
1021	震	N2	Quake; Shake; Tremble; Quiver	しん	
1022	濃	N2	Concentrated; Thick; Dark; Undiluted	のう	
1023	氏	N1	Family Name; Surname; Clan	し	5
1024	紙	N4	Paper	し	
1025	婚	N3	Marriage	こん	
1026	旅	N4	Trip; Travel	りょ	
1027	氐	COMP	Name Of An Ancient Tribe	てい/たい/し	2
1028	低	N2	Lower; Short; Humble	てい	
1029	底	N2	Bottom; Sole; Depth; Bottom Price	てい	
1030	朩	COMP	(bound component)		5
1031	殺	N3	Kill; Murder; Butcher; Slice Off	さつ/さい/せつ	
1032	雑	N3	Miscellaneous	ざつ/ぞう	
1033	茶	N4	Tea	ちゃ/さ	
1034	亲	COMP	(bound component)		2
1035	親	N4	Parent; Intimacy; Relative; Familiarity	しん	
1036	甲	N1	Armor; High (voice); A Grade; First Class	こう/かん	5
1037	単	N3	Simple; One; Single; Merely	たん	
1038	戦	N3	War; Battle; Match	せん	
1039	押	N3	Push; Stop; Check; Subdue	おう	
1040	㔾	COMP	(bound component)		3
1041	危	N3	Dangerous; Fear; Uneasy	き	
1042	飠	COMP	Eat; Food; Radical Number 184		3
1043	館	N4	Building; Mansion; Large Building; Palace	かん	
1044	飲	N4	Drink; Smoke; Take	いん/おん	
1045	飯	N4	Meal; Boiled Rice	はん	
1046	袁	COMP	Long Kimono	えん/おん	2
1047	園	N3	Park; Garden; Yard; Farm	えん	
1048	遠	N3	Distant; Far	えん/おん	
1049	卯	N1	Sign Of The Hare Or Rabbit; Fourth Sign Of Chinese Zodiac; 5-7am; East	ぼう/もう	2
1050	貿	N2	Trade; Exchange	ぼう	
1051	留	N3	Detain; Fasten; Halt; Stop	りゅう/る	
1052	匸	COMP	Hiding Enclosure Radical (no. 23)	けい	5
1053	亡	N3	Deceased; The Late; Dying; Perish	ぼう/もう	
1054	望	N3	Ambition; Full Moon; Hope; Desire	ぼう/もう	
1055	荒	N2	Laid Waste; Rough; Rude; Wild	こう	
1056	忘	N3	Forget	ぼう	
1057	忙	N3	Busy; Occupied; Restless	ぼう/もう	
1058	虍	COMP	Tiger Spots; Mottled; Tiger Or Tiger Crown Radical (no. 141)	こ	2
1059	劇	N2	Drama; Play	げき	
1060	膚	N2	Skin; Body; Grain; Texture	ふ	
1061	啇	COMP	The Stalk; The Stem; The Foot; The Base	てき/ちゃく/せき	2
1062	適	N3	Suitable; Occasional; Rare; Qualified	てき	
1063	滴	N2	Drip; Drop	てき	
1064	屮	COMP	Left Hand; Old Grass Radical (no. 45)	てつ/さ	3
1065	逆	N2	Inverted; Reverse; Opposite; Wicked	ぎゃく/げき	
1066	尺	N1	Shaku; Japanese Foot; Measure; Scale	しゃく	2
1067	駅	N4	Station	えき	
1068	昼	N4	Daytime; Noon	ちゅう	
1069	坴	COMP	Clod Of Earth; Land	りく/ろく	3
1070	陸	N2	Land; Six	りく/ろく	
1071	埶	COMP	Art	げい/せい	2
1072	勢	N2	Forces; Energy; Military Strength	せい/ぜい	
1073	熱	N3	Heat; Temperature; Fever; Mania	ねつ	
1074	奴	N1	Guy; Slave; Manservant; Fellow	ど	2
1075	努	N3	Toil; Diligent; As Much As Possible	ど	
1076	怒	N3	Angry; Be Offended	ど/ぬ	
1077	井	N1	Well; Well Crib; Town; Community	せい/しょう	5
1078	囲	N2	Surround; Besiege; Store; Paling	い	
1079	寒	N3	Cold	かん	
1080	冓	COMP	Put Together; Inner Palace	こう	2
1081	構	N3	Posture; Build; Pretend	こう	
1082	講	N2	Lecture; Club; Association	こう	
1083	氶	COMP	(bound component)	しょう	2
1084	承	N2	Acquiesce; Hear; Listen To; Be Informed	しょう/じょう	
1085	曾	COMP	Once; Before; Formerly; Ever	そう/そ/ぞう	3
1086	層	N2	Stratum; Social Class; Layer; Story	そう	
1087	贈	N2	Presents; Send; Give To; Award To	ぞう/そう	
1088	憎	N2	Hate; Detest	ぞう	
1089	亽	COMP	(bound component)		5
1090	令	N2	Orders; Ancient Laws; Command; Decree	れい	
1091	領	N2	Jurisdiction; Dominion; Territory; Fief	りょう	
1092	冷	N3	Cool; Cold (beer, Person); Chill	れい	
1093	齢	N2	Age	れい	
1094	零	N2	Zero; Spill; Overflow; Nothing	れい	
1095	旲	COMP	(bound component)	たい/えい	2
1096	募	N2	Recruit; Campaign; Gather (contributions); Enlist	ぼ	
1097	暮	N3	Evening; Twilight; Season's End; Livelihood	ぼ	
1098	㚘	COMP	(bound component)		2
1099	賛	N3	Approve; Praise; Title Or Inscription On Picture; Assist	さん	
1100	替	N2	Exchange; Spare; Substitute; Per-	たい	
1101	犭	COMP	Dog; Dog Radical (no. 94)		2
1102	犯	N3	Crime; Sin; Offense	はん/ぼん	
1103	猫	N3	Cat	びょう	
1104	户	COMP	(bound component)		5
1105	戻	N3	Re-; Return; Revert; Resume	れい	
1106	雇	N2	Employ; Hire	こ	
1107	肩	N2	Shoulder	けん	
1108	涙	N2	Tears; Sympathy	るい/れい	
1109	𠕁	COMP	(bound component)		3
1110	編	N2	Compilation; Knit; Plait; Braid	へん	
1111	侖	COMP	Think; Be Methodical	りん/ろん	2
1112	論	N3	Argument; Discourse	ろん	
1113	輪	N2	Wheel; Ring; Circle; Link	りん	
1114	耒	COMP	Come; Plough; Three-branch Tree Radical (no. 127)	らい/るい	2
1115	籍	N2	Enroll; Domiciliary Register; Membership	せき	
1116	耕	N2	Till; Plow; Cultivate	こう	
1117	翟	COMP	Surname; Kind Of Pheasant	けき/じゃく/たく	2
1118	曜	N4	Weekday	よう	
1119	濯	N2	Laundry; Wash; Pour On; Rinse	たく	
1120	尹	COMP	An Official Rank	いん	2
1121	君	N3	Mister; You; Ruler; Male Name Suffix	くん	
1122	群	N2	Flock; Group; Crowd; Herd	ぐん	
1123	圭	N1	Square Jewel; Corner; Angle; Edge	けい/け	2
1124	掛	N3	Hang; Suspend; Depend; Arrive At	かい/けい	
1125	封	N2	Seal; Closing	ふう/ほう	
1126	分	COMP	Part; Minute Of Time; Segment; Share	ぶん/ふん/ぶ	2
1127	貧	N3	Poverty; Poor	ひん/びん	
1128	粉	N2	Flour; Powder; Dust	ふん	
1129	司	N1	Director; Official; Govt Office; Rule	し	2
1130	詞	N2	Part Of Speech; Words; Poetry	し	
1131	伺	N2	Pay Respects; Visit; Ask; Inquire	し	
1132	𢆶	COMP	(bound component)		2
1133	幾	N3	How Many; How Much; How Far; How Long	き	
1134	機	N3	Loom; Mechanism; Machine; Airplane	き	
1135	𪜋	COMP	(bound component)		7
1136	礻	COMP	Cult; Showing Radical (no. 113)	し	7
1137	社	N4	Company; Firm; Office; Association	しゃ	
1138	神	N3	Gods; Mind; Soul	しん/じん	
1139	福	N3	Blessing; Fortune; Luck; Wealth	ふく	
1140	祝	N2	Celebrate; Congratulate	しゅく/しゅう	
1141	礼	N3	Salute; Bow; Ceremony; Thanks	れい/らい	
1142	祖	N3	Ancestor; Pioneer; Founder	そ	
1143	丅	COMP	Under; Underneath; Below; Down	か/げ	8
1144	斤	N1	Axe; 1.32 Lb; Catty; Counter For Loaves Of Bread	きん	8
1145	新	N4	New	しん	
1146	近	N4	Near; Early; Akin; Tantamount	きん/こん	
1147	所	N3	Place; Extent	しょ	
1148	断	N3	Severance; Decline; Refuse; Apologize	だん	
1149	質	N4	Substance; Quality; Matter; Temperament	しつ/しち/ち	
1150	折	N3	Fold; Break; Fracture; Bend	せつ/しゃく	
1151	祈	N2	Pray; Wish	き	
1152	爪	COMP	Claw; Nail; Talon	そう	6
1153	⺤	COMP	(bound component)		6
1154	受	N3	Accept; Undergo; Answer (phone); Take	じゅ	
1155	愛	N3	Love; Affection; Favourite	あい	
1156	采	N1	Dice; Form; Appearance; Take	さい	2
1157	採	N2	Pick; Take; Fetch; Take Up	さい	
1158	菜	N2	Vegetable; Side Dish; Greens	さい	
1159	孚	COMP	Sincere; Nourish; Encase	ふ	2
1160	浮	N3	Floating; Float; Rise To Surface	ふ	
1161	乳	N2	Milk; Breasts	にゅう	
1162	⺳	COMP	(bound component)		2
1163	罙	COMP	(bound component)		2
1164	深	N3	Deep; Heighten; Intensify; Strengthen	しん	
1165	探	N3	Grope; Search; Look For	たん	
1166	𠫔	COMP	(bound component)		4
1167	至	N1	Climax; Arrive; Proceed; Reach	し	4
1168	室	N4	Room; Apartment; Chamber; Greenhouse	しつ	
1169	屋	N4	Roof; House; Shop; Dealer	おく	
1170	到	N3	Arrival; Proceed; Reach; Attain	とう	
1171	倒	N3	Overthrow; Fall; Collapse; Drop	とう	
1172	𠃜	COMP	(bound component)		2
1173	巴	N1	Comma-design	は	2
1174	色	N4	Color	しょく/しき	
1175	絶	N3	Discontinue; Sever; Cut Off; Abstain	ぜつ	
1176	凡	N1	Commonplace; Ordinary; Mediocre	ぼん/はん	2
1177	巩	COMP	Bind; Firm; Secure; Strong	きょう	2
1178	築	N2	Fabricate; Build; Construct	ちく	
1179	恐	N3	Fear; Dread; Awe	きょう	
1180	𡳾	COMP	(bound component)		2
1181	屯	N1	Barracks; Police Station; Camp; Ton	とん	2
1182	純	N2	Genuine; Purity; Innocence; Net (profit)	じゅん	
1183	鈍	N2	Dull; Slow; Foolish; Blunt	どん	
1184	句	N1	Phrase; Clause; Sentence; Passage	く	2
1185	苟	COMP	Any; At All; In The Least	こう/く	2
1186	敬	N2	Awe; Respect; Honor; Revere	けい/きょう	
1187	警	N3	Admonish; Commandment	けい	
1188	禸	COMP	Rump; Footprint Radical (no. 114)	じゅう/にゅ	2
1189	禺	COMP	Long-tailed Monkey	ぐ/ぐう	2
1190	隅	N2	Corner; Nook	ぐう	
1191	偶	N3	Accidentally; Even Number; Couple; Man & Wife	ぐう	
